"725513572.5832549", "AQ10_1: Definitely Agree"
"725513572.5832549", "AQ10_2: Definitely Agree"
"725513572.5832549", "AQ10_3: Definitely Agree"
"725513572.5832549", "AQ10_4: Definitely Agree"
"725513572.5832549", "AQ10_5: Definitely Agree"
"725513572.5832549", "AQ10_6: Definitely Agree"
"725513572.5832549", "AQ10_7: Definitely Disagree"
"725513572.5832549", "AQ10_8: Definitely Agree"
"725513572.5832549", "AQ10_9: Definitely Agree"
"725513572.5832549", "AQ10_10: Slightly Disagree"
"725513572.5832549", "RAADS14_1: True only when I was younger than 16"
"725513572.5832549", "RAADS14_2: Never true"
"725513572.5832549", "RAADS14_3: Never true"
"725513572.5832549", "RAADS14_4: Never true"
"725513572.5832549", "RAADS14_5: Never true"
"725513572.5832549", "RAADS14_6: True now and when I was young"
"725513572.5832549", "RAADS14_7: Never true"
"725513572.5832549", "RAADS14_8: Never true"
"725513572.5832549", "RAADS14_9: Never true"
"725513572.5832549", "RAADS14_10: Never true"
"725513572.5832549", "RAADS14_11: Never true"
"725513572.5832549", "RAADS14_12: Never true"
"725513572.5832549", "RAADS14_13: Never true"
"725513572.5832549", "RAADS14_14: Never true"
"725513572.5832549", "age: 32"
"725513572.5832549", "gender: fema;e"
"725513572.5832549", "city, country: USA"
"725513572.5832549", "zip code: 76180"
"725513572.5832549", "education: college"
"725513572.5832549", "occupation: student"
"725513572.5832549", "first language: english"
"725513572.5832549", "other languages: "
"725513572.5832549", "diagnosis: "
"725513572.5832549", "siblings: "
"725513572.5832549", "daycare: "
"725513572.5832549", "played before: 0"
"725513572.5832549", "partner age: 22"
"725513572.5832549", "partner humanness: 100"
"725513572.5832549", "comments: "
"349414037.3852126", "AQ10_1: NA"
"349414037.3852126", "AQ10_2: NA"
"349414037.3852126", "AQ10_3: NA"
"349414037.3852126", "AQ10_4: NA"
"349414037.3852126", "AQ10_5: NA"
"349414037.3852126", "AQ10_6: NA"
"349414037.3852126", "AQ10_7: NA"
"349414037.3852126", "AQ10_8: NA"
"349414037.3852126", "AQ10_9: NA"
"349414037.3852126", "AQ10_10: NA"
"349414037.3852126", "RAADS14_1: NA"
"349414037.3852126", "RAADS14_2: NA"
"349414037.3852126", "RAADS14_3: NA"
"349414037.3852126", "RAADS14_4: NA"
"349414037.3852126", "RAADS14_5: NA"
"349414037.3852126", "RAADS14_6: NA"
"349414037.3852126", "RAADS14_7: NA"
"349414037.3852126", "RAADS14_8: NA"
"349414037.3852126", "RAADS14_9: NA"
"349414037.3852126", "RAADS14_10: NA"
"349414037.3852126", "RAADS14_11: NA"
"349414037.3852126", "RAADS14_12: NA"
"349414037.3852126", "RAADS14_13: NA"
"349414037.3852126", "RAADS14_14: NA"
"349414037.3852126", "age: "
"349414037.3852126", "gender: "
"349414037.3852126", "city, country: "
"349414037.3852126", "zip code: "
"349414037.3852126", "education: "
"349414037.3852126", "occupation: "
"349414037.3852126", "first language: "
"349414037.3852126", "other languages: "
"349414037.3852126", "diagnosis: "
"349414037.3852126", "siblings: "
"349414037.3852126", "daycare: "
"349414037.3852126", "played before: 0"
"349414037.3852126", "partner age: 0"
"349414037.3852126", "partner humanness: 50"
"349414037.3852126", "comments: "
